,Point Estimate,Bootstrap Mean,2.5th Percentile,25th Percentile,Median,75th Percentile,97.5th Percentile,Standard Error
beta_0_cd,-0.21136415427422847,0.007088157179297081,-7.634085692637509,-1.6189544115820562,0.4232098124279718,1.7846380993583257,5.866610751634626,0.323883120026722
beta_k_cd,0.19574309266735626,0.1932448047822853,0.1360623497223914,0.17416930220453528,0.19237894481536988,0.21213944526337034,0.24870192596821314,0.0028208297662868863
beta_l_cd,0.3115305903066583,0.31285943422256124,0.25474536648291335,0.291376960224626,0.3100769180818372,0.33088778222863957,0.38103071566509555,0.003280477595263598
beta_m_cd,0.4681956864769555,0.46981810922777695,0.43834121906233003,0.45906483075037663,0.47095541385205747,0.4814501473651144,0.5004060271266899,0.001769515365200054
Edf_dm,0.569660785277684,0.5710647680484978,0.5478652384783166,0.5601457875703961,0.5700555978706147,0.5806685641945664,0.5968934859727594,0.0014123476420806985
Eomega,3.8396919941227203,3.624687063844769,-2.4468658348990577,1.8657690165768699,3.177361930588183,5.411657329484548,11.235033911658348,0.3281522480160666
