,Point Estimate,Bootstrap Mean,2.5th Percentile,25th Percentile,Median,75th Percentile,97.5th Percentile,Standard Error
beta_0,-6.225139960385873e-17,-4.695449600224573e-17,-3.760263418469147e-15,-1.2273221954939433e-15,2.0921486560862328e-18,1.1361155359541618e-15,3.5020399767527385e-15,9.157407561913338e-17
beta_k,0.32356760506042315,0.3363177330713895,0.19516271082612818,0.2818980026408942,0.3349180471993841,0.3893882060347412,0.5009871069760858,0.0035739013343446483
beta_l,0.7318906825305824,0.709620434821698,0.43115801974107865,0.6353690221475727,0.7170354139133159,0.798223565853274,0.9108388126324033,0.006118226201244441
rho,0.882158674618273,0.8813999595975698,0.7938536723363642,0.8596067532487575,0.8849809274405077,0.9071809012654029,0.9426395861676271,0.0016763466135144387
Eomega,5.071470281572713,5.031915462090503,4.260454452126647,4.788405666416326,5.041156910355978,5.289383999481635,5.76680741575956,0.017441976001656336
