,Point Estimate,Bootstrap Mean,2.5th Percentile,25th Percentile,Median,75th Percentile,97.5th Percentile,Standard Error
beta_0_cd,-0.21136415426171995,-0.597483500681067,-7.552311737528992,-2.8474893672212653,-0.7943521538329734,2.044119727339412,6.155770983827131,0.16350721582309655
beta_k_cd,0.1957430926630114,0.19087461590367336,0.13918627447305743,0.17217696537886584,0.19224691159681923,0.20913604188082194,0.24476322290628516,0.0012382931063741806
beta_l_cd,0.311530590300741,0.3148615060020245,0.24711159769748967,0.2902194169858119,0.3155601525737869,0.33999489874742833,0.3834177509478865,0.001569014207049998
beta_m_cd,0.46819568648518817,0.4703570566524428,0.4361154273116171,0.45637495253468274,0.46872759651064844,0.4833534129030114,0.5109700631330591,0.0009025714480021892
Edf_dm,0.5696607852773004,0.5692357463651626,0.540902045950957,0.5600582830309034,0.5689595551566314,0.578160372470397,0.5966936321775782,0.000627780184793312
Eomega,3.8396919934814018,4.23650309899817,-2.4371495538588346,1.5323323590901259,4.505481166079443,6.4987710737213735,11.141387138406095,0.16520979249453396
