,Point Estimate,Bootstrap Mean,2.5th Percentile,25th Percentile,Median,75th Percentile,97.5th Percentile,Standard Error
beta_0_cd,-0.21136415427422847,-3.2697200332853376,-9.278116229063345,-7.744214185916386,-4.05703612015555,-1.494183286582886,7.526599724010206,1.802233236135689
beta_k_cd,0.19574309266735626,0.19893899355675132,0.15640091009257043,0.18234190811835027,0.1943057886561155,0.21893496507284227,0.24423898119522894,0.00936251951987599
beta_l_cd,0.3115305903066583,0.2431943253958953,-0.2524466475137873,0.27579154119154975,0.31332838180807576,0.34902763389610175,0.3657489562041295,0.0720892914945879
beta_m_cd,0.4681956864769555,0.4693807454844883,0.44554889687390103,0.4658497301220258,0.47088087370713844,0.478231774053384,0.487505133326544,0.004318124215799824
Edf_dm,0.569660785277684,0.5737703014628684,0.5559562777062038,0.5623726141017886,0.5793927278405899,0.5825167135919278,0.585903372920651,0.0037741542040070184
Eomega,3.8396919941227203,7.1745273552666,-4.312086773515942,5.248753374762647,7.501530357572415,11.66110064613834,15.169238164151094,1.9787933616065048
