,Point Estimate,Bootstrap Mean,2.5th Percentile,25th Percentile,Median,75th Percentile,97.5th Percentile,Standard Error
beta_0,1.6325648741180978e-15,1.3028120163652782e-16,-4.6271470996952165e-15,-1.2062447842388082e-15,6.0779981680785715e-18,1.5561375469866574e-15,4.630188260008373e-15,2.3050976713188754e-16
beta_k,0.32356760513799104,0.33661279635455565,0.21246727076464358,0.28155762545114094,0.3324513490621833,0.3919523090279912,0.4898020653642564,0.007908995389280995
beta_l,0.7318906823264155,0.7138428194679405,0.4475273481989916,0.6380248193839015,0.7149799373366177,0.8069826599605913,0.8983254211806493,0.012826968541211925
rho,0.8821586747079723,0.8824990433642946,0.7956069271569947,0.8625843330899988,0.8810610714466045,0.9076360862562349,0.9403460537970688,0.003460471804426922
Eomega,5.071470281681422,5.008647362052062,4.144513076688119,4.80083895028705,5.050878113848038,5.2648708019269215,5.6816278482557845,0.03945724154183961
